user_id,name,gender,age,status
1,David Miller,female,39,writer
2,James Brown,male,70,engineer
3,John Taylor,male,68,doctor
4,James Jones,male,59,farmer
5,Jane Brown,female,30,doctor
6,David Jones,male,23,scientist
7,James Garcia,male,20,engineer
8,Robert Johnson,female,61,farmer
9,Linda Williams,male,42,lawyer
10,Linda Davis,male,25,artist
11,Sarah Davis,female,21,entrepreneur
12,Mary Williams,male,39,farmer
13,Michael Brown,female,42,doctor
14,Mary Brown,female,24,lawyer
15,Emily Miller,female,20,writer
16,John Miller,male,27,farmer
17,Jane Garcia,male,58,engineer
18,Michael Williams,male,45,doctor
19,John Martinez,female,54,lawyer
20,Emily Davis,male,58,retired
21,John Taylor,female,30,student
22,Robert Martinez,male,35,engineer
23,David Miller,female,26,writer
24,Michael Jones,male,54,farmer
25,Linda Miller,female,31,entrepreneur
26,Mary Miller,male,58,writer
27,Emily Brown,female,28,writer
28,James Williams,female,37,writer
29,Mary Taylor,male,44,artist
30,David Garcia,male,43,farmer
31,Mary Garcia,female,55,doctor
32,Jane Davis,female,25,teacher
33,Jane Martinez,male,28,doctor
34,Michael Williams,female,32,entrepreneur
35,Robert Johnson,female,68,lawyer
36,Jane Jones,male,59,engineer
37,James Johnson,male,70,farmer
38,David Brown,female,47,artist
39,James Davis,male,56,entrepreneur
40,James Brown,female,57,scientist
41,David Martinez,male,35,entrepreneur
42,Jane Smith,male,51,scientist
43,Linda Miller,male,29,artist
44,Mary Brown,female,58,scientist
45,David Williams,male,61,artist
46,John Garcia,female,36,entrepreneur
47,Michael Miller,male,26,teacher
48,David Williams,female,38,teacher
49,Sarah Miller,male,30,student
50,Mary Jones,male,41,retired
51,Mary Martinez,female,25,writer
52,Mary Williams,male,30,writer
53,Michael Williams,male,59,engineer
54,Linda Jones,female,21,student
55,Mary Garcia,male,64,doctor
56,Mary Taylor,female,22,entrepreneur
57,John Johnson,male,65,writer
58,John Jones,male,61,writer
59,John Smith,male,22,engineer
60,David Davis,female,48,artist
61,John Brown,male,52,student
62,Robert Garcia,male,58,teacher
63,Mary Miller,female,23,teacher
64,Emily Taylor,female,46,artist
65,Linda Williams,female,30,scientist
66,John Miller,female,40,teacher
67,Michael Martinez,male,54,retired
68,James Jones,female,60,lawyer
69,Mary Williams,female,54,artist
70,Sarah Brown,male,34,farmer
71,David Martinez,male,22,doctor
72,Emily Brown,female,28,student
73,Sarah Johnson,male,53,entrepreneur
74,Mary Martinez,male,66,teacher
75,Robert Martinez,female,36,artist
76,Sarah Johnson,female,39,engineer
77,Michael Jones,female,28,lawyer
78,David Davis,male,40,retired
79,Mary Smith,female,23,scientist
80,Sarah Brown,female,53,retired
81,James Williams,male,42,retired
82,James Garcia,male,61,teacher
83,David Garcia,male,53,artist
84,Mary Taylor,male,58,artist
85,Robert Taylor,male,65,retired
86,Jane Jones,female,70,artist
87,David Davis,male,52,student
88,Jane Jones,male,66,scientist
89,Jane Jones,female,43,writer
90,John Brown,male,61,teacher
91,Jane Davis,male,57,farmer
92,Emily Jones,female,23,scientist
93,John Jones,female,64,retired
94,Mary Smith,male,23,entrepreneur
95,John Davis,female,43,doctor
96,Emily Martinez,male,25,scientist
97,John Jones,male,70,writer
98,James Smith,female,62,doctor
99,Linda Smith,male,49,farmer
100,Michael Johnson,female,64,farmer
101,David Williams,male,47,student
102,Michael Martinez,female,36,writer
103,Michael Smith,male,48,teacher
104,David Brown,female,41,farmer
105,Jane Garcia,male,42,scientist
106,Robert Johnson,female,68,scientist
107,James Brown,male,43,farmer
108,Mary Williams,male,54,lawyer
109,David Smith,female,61,retired
110,Robert Jones,male,26,doctor
111,Robert Johnson,female,65,farmer
112,Emily Williams,female,44,entrepreneur
113,Robert Johnson,female,32,lawyer
114,Mary Martinez,female,25,scientist
115,Jane Brown,female,25,entrepreneur
116,Michael Martinez,male,63,lawyer
117,Sarah Miller,female,50,artist
118,John Miller,male,27,doctor
119,Sarah Miller,female,35,entrepreneur
120,Jane Jones,male,43,doctor
121,Robert Smith,male,25,scientist
122,Robert Miller,male,47,lawyer
123,Linda Smith,female,24,scientist
124,Emily Brown,male,34,scientist
125,Sarah Williams,male,52,farmer
126,Mary Martinez,female,22,entrepreneur
127,Sarah Taylor,female,40,teacher
128,Mary Johnson,male,47,engineer
129,John Smith,female,23,teacher
130,Emily Brown,male,36,student
131,Jane Martinez,female,69,lawyer
132,James Jones,male,52,farmer
133,James Martinez,female,29,student
134,Linda Garcia,male,53,artist
135,James Martinez,male,39,artist
136,James Martinez,female,44,engineer
137,Linda Davis,male,45,teacher
138,Mary Smith,female,57,retired
139,Michael Miller,male,63,entrepreneur
140,Sarah Davis,female,41,entrepreneur
141,Robert Jones,male,21,farmer
142,Sarah Smith,female,69,farmer
143,Michael Johnson,male,32,student
144,Michael Jones,female,27,lawyer
145,Mary Johnson,female,27,teacher
146,Michael Johnson,male,48,scientist
147,Mary Smith,female,33,artist
148,John Jones,female,61,doctor
149,Emily Smith,female,38,doctor
150,Emily Martinez,male,70,student
151,Jane Martinez,male,43,lawyer
152,Emily Miller,male,48,scientist
153,Michael Davis,female,47,scientist
154,Mary Miller,female,47,lawyer
155,David Taylor,male,50,writer
156,Mary Johnson,male,54,farmer
157,Jane Davis,female,55,teacher
158,David Williams,male,62,student
159,Sarah Jones,female,66,lawyer
160,David Taylor,male,51,doctor
161,Mary Williams,female,63,artist
162,John Williams,male,47,engineer
163,John Smith,male,34,teacher
164,Linda Johnson,female,32,student
165,Michael Davis,male,70,lawyer
166,David Davis,female,67,writer
167,Emily Garcia,female,49,writer
168,John Davis,male,38,lawyer
169,Jane Brown,female,53,writer
170,James Williams,male,49,lawyer
171,Linda Taylor,female,69,farmer
172,Sarah Williams,female,54,artist
173,Michael Garcia,female,23,writer
174,Mary Smith,male,53,teacher
175,Michael Miller,male,39,farmer
176,David Taylor,female,42,lawyer
177,Jane Taylor,male,32,farmer
178,Robert Miller,female,48,engineer
179,John Smith,male,45,entrepreneur
180,John Johnson,male,69,artist
181,Emily Miller,female,49,artist
182,Mary Jones,male,22,teacher
183,Jane Garcia,female,46,student
184,Michael Davis,male,63,engineer
185,James Williams,female,28,doctor
186,Robert Brown,female,29,scientist
187,David Smith,male,30,scientist
188,David Jones,female,50,retired
189,Jane Smith,male,24,doctor
190,Mary Jones,female,49,writer
191,Mary Taylor,male,65,retired
192,James Miller,female,70,scientist
193,Mary Davis,female,32,lawyer
194,James Martinez,male,29,farmer
195,John Brown,female,56,teacher
196,David Brown,male,55,scientist
197,Mary Johnson,female,33,teacher
198,Sarah Brown,male,50,retired
199,Linda Miller,female,36,doctor
200,Sarah Davis,female,38,artist
201,Jane Smith,male,46,student
202,James Johnson,female,65,retired
203,Linda Garcia,male,20,farmer
204,Linda Taylor,female,47,artist
205,Robert Martinez,male,58,teacher
206,Linda Garcia,female,26,student
207,Michael Jones,male,67,doctor
208,James Garcia,female,62,farmer
209,Jane Miller,male,43,doctor
210,Linda Taylor,female,60,farmer
211,John Williams,male,36,farmer
212,Sarah Miller,male,55,student
213,Linda Johnson,female,24,teacher
214,Linda Garcia,male,42,writer
215,Mary Jones,female,70,artist
216,Robert Williams,female,62,teacher
217,James Davis,male,52,farmer
218,Sarah Johnson,female,26,doctor
219,Emily Williams,male,64,farmer
220,Emily Jones,female,38,lawyer
221,Mary Williams,female,67,retired
222,David Smith,male,36,doctor
223,Jane Miller,female,39,farmer
224,Emily Johnson,female,57,lawyer
225,Robert Davis,male,48,farmer
226,Linda Miller,female,59,lawyer
227,Linda Martinez,male,41,retired
228,Emily Jones,female,41,scientist
229,John Smith,male,59,writer
230,Michael Miller,male,36,student
231,Jane Jones,female,46,writer
232,Emily Brown,male,36,engineer
233,Robert Johnson,male,42,student
234,Sarah Martinez,female,27,student
235,Sarah Jones,male,58,doctor
236,Jane Martinez,female,58,writer
237,James Williams,male,53,student
238,Emily Taylor,female,26,artist
239,James Davis,female,35,teacher
240,James Johnson,male,51,farmer
241,Mary Smith,female,34,scientist
242,John Davis,male,59,artist
243,Jane Jones,female,54,teacher
244,Robert Brown,male,39,entrepreneur
245,Emily Smith,female,60,farmer
246,Michael Jones,male,28,entrepreneur
247,John Brown,female,54,retired
248,Robert Brown,male,64,retired
249,Sarah Garcia,female,39,entrepreneur
250,James Davis,female,53,writer
251,Linda Garcia,male,61,writer
252,Robert Smith,female,29,doctor
253,James Miller,male,36,teacher
254,David Davis,male,66,doctor
255,John Smith,female,41,writer
256,Jane Williams,male,65,teacher
257,Emily Garcia,male,35,retired
258,Sarah Johnson,male,51,lawyer
259,Michael Brown,female,52,lawyer
260,Emily Johnson,male,45,retired
261,Sarah Williams,female,30,engineer
262,Robert Taylor,male,64,lawyer
263,John Martinez,male,68,artist
264,David Jones,female,40,doctor
265,David Johnson,female,62,writer
266,Emily Taylor,male,51,entrepreneur
267,Linda Smith,female,29,teacher
268,John Brown,female,34,writer
269,Linda Taylor,male,25,lawyer
270,Robert Taylor,female,45,scientist
271,John Smith,male,23,doctor
272,Jane Taylor,male,38,artist
273,Linda Miller,female,50,writer
274,Mary Williams,male,38,student
275,Emily Taylor,male,55,student
276,Robert Davis,male,34,writer
277,Emily Martinez,male,38,student
278,Robert Jones,female,21,lawyer
279,James Smith,male,41,lawyer
280,Robert Davis,female,57,writer
281,John Taylor,male,47,scientist
282,Linda Smith,male,52,student
283,Mary Smith,male,24,artist
284,Mary Garcia,male,46,teacher
285,Michael Davis,female,48,doctor
286,Linda Taylor,male,37,entrepreneur
287,James Williams,female,26,student
288,James Taylor,male,25,writer
289,Michael Jones,male,66,engineer
290,Robert Brown,male,33,entrepreneur
291,Linda Garcia,female,67,writer
292,Robert Johnson,male,51,teacher
293,James Taylor,female,48,engineer
294,John Martinez,female,60,retired
295,Robert Miller,male,45,writer
296,John Brown,male,39,teacher
297,John Smith,female,32,teacher
298,David Miller,male,69,doctor
299,Linda Martinez,male,59,farmer
300,Robert Miller,male,45,retired
301,Robert Garcia,female,50,lawyer
302,Jane Jones,male,49,doctor
303,David Jones,female,49,teacher
304,John Smith,male,37,retired
305,John Martinez,female,54,engineer
306,Mary Taylor,male,51,teacher
307,Robert Williams,male,29,engineer
308,James Smith,female,26,lawyer
309,John Williams,male,50,farmer
310,James Williams,female,38,student
311,Sarah Martinez,male,58,farmer
312,Emily Miller,female,23,entrepreneur
313,Jane Martinez,male,55,scientist
314,Jane Brown,female,50,engineer
315,Sarah Williams,female,41,teacher
316,Michael Taylor,male,22,farmer
317,Mary Martinez,female,41,student
318,Emily Brown,male,24,farmer
319,Linda Garcia,female,27,entrepreneur
320,Jane Smith,male,29,teacher
321,Robert Jones,male,32,artist
322,Jane Johnson,male,37,engineer
323,Jane Brown,female,39,student
324,Jane Brown,male,68,lawyer
325,John Jones,female,63,writer
326,Robert Garcia,male,44,farmer
327,David Taylor,male,54,farmer
328,James Garcia,male,58,writer
329,Linda Johnson,female,39,entrepreneur
330,Mary Martinez,male,32,scientist
331,Michael Smith,female,65,teacher
332,Linda Williams,female,42,artist
333,Robert Johnson,male,54,entrepreneur
334,David Jones,male,43,engineer
335,James Davis,female,55,writer
336,John Garcia,male,51,doctor
337,Michael Taylor,female,41,teacher
338,Robert Brown,female,52,retired
339,Jane Davis,male,49,writer
340,John Smith,female,33,engineer
341,Robert Brown,female,57,teacher
342,Sarah Jones,male,70,doctor
343,Michael Brown,male,36,doctor
344,David Martinez,female,40,entrepreneur
345,Michael Miller,male,20,doctor
346,David Davis,female,64,retired
347,James Garcia,male,39,student
348,John Brown,female,67,farmer
349,John Johnson,male,33,engineer
350,Emily Davis,female,50,farmer
351,Mary Williams,male,29,engineer
352,Michael Smith,female,45,doctor
353,Michael Brown,male,21,lawyer
354,John Jones,female,33,lawyer
355,Linda Garcia,male,56,artist
356,Emily Martinez,female,39,teacher
357,Jane Garcia,male,42,engineer
358,Jane Brown,female,24,artist
359,Jane Miller,male,28,writer
360,Emily Brown,male,41,engineer
361,Emily Smith,female,25,writer
362,Emily Taylor,male,33,doctor
363,Emily Martinez,male,64,farmer
364,Linda Martinez,male,58,doctor
365,Michael Johnson,male,42,student
366,John Smith,male,67,writer
367,Michael Williams,female,47,retired
368,Sarah Jones,male,65,teacher
369,Sarah Davis,female,51,engineer
370,Michael Garcia,male,65,farmer
371,John Martinez,female,39,farmer
372,Emily Brown,male,28,lawyer
373,Robert Martinez,female,56,artist
374,Michael Martinez,female,31,engineer
375,Emily Smith,male,55,student
376,James Williams,female,41,artist
377,Sarah Johnson,male,22,doctor
378,Robert Brown,female,58,doctor
379,John Johnson,female,39,student
380,James Davis,female,47,engineer
381,Jane Martinez,male,23,lawyer
382,James Davis,female,26,doctor
383,Linda Jones,female,53,farmer
384,Sarah Johnson,male,70,artist
385,Jane Taylor,female,22,artist
386,Michael Martinez,male,42,teacher
387,James Smith,female,70,lawyer
388,Jane Martinez,female,22,student
389,Linda Garcia,female,56,scientist
390,Sarah Johnson,male,52,scientist
391,Michael Brown,male,35,writer
392,Emily Taylor,male,44,scientist
393,Mary Smith,male,69,student
394,Linda Williams,female,53,student
395,John Taylor,female,25,student
396,John Brown,male,46,artist
397,James Smith,female,32,teacher
398,David Williams,male,28,entrepreneur
399,Robert Miller,female,62,farmer
400,Sarah Johnson,male,21,student
401,Sarah Johnson,female,42,entrepreneur
402,James Williams,male,63,entrepreneur
403,James Martinez,female,68,teacher
404,James Garcia,male,69,lawyer
405,David Brown,female,36,lawyer
406,Sarah Jones,male,40,retired
407,Sarah Davis,female,70,teacher
408,Robert Taylor,male,38,lawyer
409,David Taylor,female,54,retired
410,Mary Smith,male,43,doctor
411,Michael Williams,female,21,writer
412,Sarah Davis,female,47,lawyer
413,John Garcia,male,37,artist
414,John Jones,female,70,writer
415,James Davis,male,35,entrepreneur
416,James Brown,female,38,writer
417,Robert Johnson,female,61,artist
418,James Brown,female,45,engineer
419,Emily Brown,male,68,doctor
420,Robert Smith,female,22,artist
421,Mary Johnson,female,48,doctor
422,Linda Johnson,male,26,artist
423,Mary Jones,female,67,artist
424,John Martinez,male,23,lawyer
425,Linda Davis,female,64,scientist
426,John Johnson,female,57,retired
427,Michael Garcia,female,38,teacher
428,Sarah Garcia,male,24,scientist
429,Jane Williams,female,62,artist
430,Sarah Miller,male,45,teacher
431,James Williams,female,31,teacher
432,Sarah Williams,male,30,artist
433,Robert Martinez,male,22,student
434,Jane Brown,female,29,artist
435,James Miller,male,29,doctor
436,Emily Jones,female,36,farmer
437,John Smith,male,40,student
438,John Davis,female,41,scientist
439,Mary Garcia,male,52,entrepreneur
440,John Johnson,male,59,scientist
441,James Garcia,female,36,lawyer
442,John Johnson,male,59,artist
443,Jane Taylor,female,63,writer
444,Linda Smith,male,66,retired
445,John Taylor,female,56,scientist
446,Sarah Garcia,male,45,lawyer
447,Mary Williams,female,28,lawyer
448,John Taylor,female,27,scientist
449,Robert Miller,male,69,artist
450,Emily Taylor,female,46,lawyer
451,Robert Garcia,female,26,writer
452,Mary Martinez,male,31,teacher
453,Jane Johnson,female,33,scientist
454,Emily Jones,male,63,engineer
455,Michael Miller,female,58,scientist
456,James Taylor,male,40,entrepreneur
457,Jane Smith,female,69,teacher
458,Mary Williams,male,31,teacher
459,Sarah Martinez,male,32,lawyer
460,John Jones,female,34,doctor
461,Emily Martinez,male,38,student
462,Linda Davis,female,55,writer
463,James Garcia,male,37,scientist
464,David Johnson,female,59,teacher
465,James Miller,male,65,farmer
466,Robert Williams,male,62,teacher
467,Sarah Jones,female,46,writer
468,Sarah Garcia,male,21,artist
469,Linda Miller,male,31,farmer
470,David Smith,female,52,doctor
471,Linda Martinez,male,43,lawyer
472,Robert Martinez,female,45,teacher
473,Robert Jones,male,59,student
474,Robert Garcia,female,67,farmer
475,Sarah Davis,female,62,doctor
476,David Williams,male,39,entrepreneur
477,Robert Williams,female,28,doctor
478,David Taylor,male,52,entrepreneur
479,David Garcia,female,33,teacher
480,Michael Miller,female,52,retired
481,David Smith,male,68,entrepreneur
482,David Smith,female,58,farmer
483,James Jones,male,59,student
484,James Davis,female,59,scientist
485,Emily Davis,male,50,writer
486,Michael Miller,male,36,student
487,Sarah Brown,female,54,engineer
488,Robert Taylor,male,65,teacher
489,Emily Davis,male,31,farmer
490,Sarah Garcia,female,29,engineer
491,Sarah Jones,male,33,farmer
492,Mary Garcia,female,26,teacher
493,Emily Miller,male,52,retired
494,Robert Brown,female,49,artist
495,Linda Martinez,male,51,writer
496,James Johnson,male,49,farmer
497,John Davis,female,65,retired
498,Linda Jones,male,70,engineer
499,Robert Martinez,male,58,student
500,Sarah Jones,female,21,writer
501,James Martinez,male,38,lawyer
502,Mary Smith,female,30,scientist
503,David Miller,female,60,artist
504,Jane Williams,male,66,teacher
505,James Brown,male,49,writer
506,Linda Taylor,male,23,doctor
507,David Miller,male,38,doctor
508,James Garcia,male,65,lawyer
509,Robert Taylor,male,68,engineer
510,James Miller,male,33,doctor
511,Robert Smith,male,69,doctor
512,John Garcia,female,42,student
513,Michael Garcia,male,53,artist
514,Mary Smith,female,55,doctor
515,James Martinez,female,34,student
516,Emily Smith,male,47,farmer
517,John Davis,male,50,teacher
518,Robert Jones,male,61,artist
519,James Davis,female,25,teacher
520,Mary Miller,male,32,lawyer
521,Sarah Garcia,female,26,student
522,James Johnson,male,56,doctor
523,Sarah Davis,female,32,scientist
524,David Johnson,male,29,artist
525,Mary Williams,female,61,artist
526,Emily Davis,male,49,artist
527,Mary Taylor,female,46,scientist
528,James Brown,male,44,writer
529,Mary Jones,female,46,retired
530,John Jones,male,23,writer
531,James Williams,female,26,engineer
532,John Davis,male,41,artist
533,Sarah Jones,male,26,engineer
534,Sarah Jones,male,45,farmer
535,Robert Davis,male,42,scientist
536,Emily Martinez,male,49,engineer
537,Emily Brown,male,48,lawyer
538,Emily Smith,female,27,artist
539,Linda Garcia,female,41,engineer
540,James Williams,female,23,teacher
541,James Miller,male,64,engineer
542,Sarah Davis,male,26,artist
543,James Garcia,male,57,lawyer
544,Mary Martinez,male,37,engineer
545,Jane Taylor,female,49,scientist
546,Robert Smith,male,62,engineer
547,John Smith,female,44,engineer
548,Sarah Garcia,male,23,doctor
549,Emily Miller,female,29,engineer
550,John Jones,male,27,entrepreneur
551,James Martinez,female,49,doctor
552,James Smith,male,69,writer
553,Robert Johnson,female,21,lawyer
554,Michael Smith,male,45,entrepreneur
555,David Johnson,male,41,farmer
556,John Davis,male,20,artist
557,David Garcia,female,34,teacher
558,Michael Johnson,male,57,teacher
559,Emily Miller,female,29,entrepreneur
560,Jane Smith,male,42,engineer
561,John Johnson,female,62,artist
562,Linda Brown,male,61,engineer
563,Michael Garcia,male,51,artist
564,Emily Taylor,female,29,entrepreneur
565,Jane Taylor,male,26,scientist
566,James Jones,female,32,doctor
567,David Davis,male,62,teacher
568,Linda Brown,male,46,retired
569,Robert Smith,male,62,engineer
570,Emily Brown,female,65,scientist
571,Jane Williams,male,33,teacher
572,David Smith,female,55,writer
573,Michael Miller,female,51,student
574,Linda Davis,male,37,farmer
575,Emily Johnson,female,59,artist
576,Emily Miller,male,66,retired
577,John Jones,female,45,doctor
578,John Johnson,female,30,writer
579,Jane Davis,male,58,lawyer
580,Jane Davis,female,28,artist
581,Emily Martinez,female,58,scientist
582,Mary Williams,male,32,entrepreneur
583,John Taylor,male,55,writer
584,Linda Taylor,female,45,writer
585,David Williams,female,62,lawyer
586,John Garcia,male,47,entrepreneur
587,Sarah Garcia,male,51,artist
588,Robert Martinez,female,70,writer
589,David Davis,male,60,student
590,Michael Williams,male,52,writer
591,David Johnson,female,29,student
592,Emily Smith,male,20,student
593,Michael Davis,female,42,teacher
594,Sarah Brown,male,34,lawyer
595,Jane Williams,female,21,artist
596,James Johnson,male,58,retired
597,John Davis,male,30,entrepreneur
598,Linda Garcia,female,45,student
599,Emily Davis,male,56,engineer
600,Emily Garcia,male,38,student
601,James Smith,female,23,lawyer
602,James Brown,female,55,student
603,Sarah Smith,male,68,lawyer
604,John Garcia,female,41,doctor
605,Mary Williams,male,23,scientist
606,Emily Brown,female,66,writer
607,Sarah Smith,male,64,writer
608,Robert Miller,female,33,writer
609,James Johnson,male,21,doctor
610,Sarah Miller,male,69,writer
611,David Brown,female,42,writer
612,Robert Miller,male,57,doctor
613,Robert Davis,male,45,artist
614,Emily Garcia,female,56,scientist
615,Jane Brown,male,46,engineer
616,Emily Taylor,female,65,teacher
617,Mary Williams,male,51,student
618,Emily Martinez,female,49,engineer
